Keyword,VendorCode,VendorName,Email To,Email CC,MC ,Buyer
,9165,"BINH DUONG YUTO PACKAGING TECHNOLOGY CO., LTD",lianghq@szyuto.com; richardli@szyuto.com; hongyu.ruan@szyuto.com,HoangMinh.Phan@ttigroup.com.vn;ThiNguyet.Do02@ttigroup.com.vn;AnhThu.Nguyen1@ttigroup.com.vn,HoangMinh.Phan@ttigroup.com.vn,"TVN547430, Phan Hoang Minh (VN.OP-PMC)"
,11337,J.C.L MANUFACTURING.INC COMPANY LIMITED,cat_sleepy94@yahoo.com.vn;cz.guan@chenfengdg.com;jcl-warehouse@chenfengdg.com;tam.hoang@chenfengdg.com;xx.xiao@chenfengdg.com;yb.zhou@chenfengdg.com;hoainghiem000@gmail.com,ThienAn.Phan@ttigroup.com.vn;ThiNguyet.Do02@ttigroup.com.vn;AnhThu.Nguyen1@ttigroup.com.vn,ThienAn.Phan@ttigroup.com.vn,"TVN524979, Phan Thien An (VN.OP-SC)"
,9316,"PU ZHOU (VIETNAM) METAL PRODUCTS CO., LTD",pzsg02@dgpuzhou.com;pzsg03@dgpuzhou.com;pzvn005@dgpuzhou.com,Dang.Duong@ttigroup.com.vn;ThiNguyet.Do02@ttigroup.com.vn;AnhThu.Nguyen1@ttigroup.com.vn,Dang.Duong@ttigroup.com.vn,"TVN622650, Duong Nguyen Khanh Dang (VN.OP-SUC)"
,11795,PYS VIETNAM TECHNOLOGY COMPANY LIMITED,Yan.luo@pystech.com;alana.he@pystech.com;yan.luo@chinapysind.com;cecilia.zhu@pystech.com;jade.huang@pystech.com,ThiNguyet.Do02@ttigroup.com.vn;AnhThu.Nguyen1@ttigroup.com.vn;ThuHien.Nguyen@ttigroup.com.vn,ThuHien.Nguyen@ttigroup.com.vn,"TVN637980, Nguyen Thu Hien (VN.OP-SC-PMC)"
,10568,VIET HUNG SAI GON PACKAGING CORPORATION,chin.ntb@viethung.com.vn;muoi.hv@viethung.com.vn;nhung.tth@viethung.com.vn;pe.vhs@viethung.com.vn;sales.vhs@viethung.com.vn;xuan.hn@viethung.com.vn,ThiNguyet.Do02@ttigroup.com.vn;AnhThu.Nguyen1@ttigroup.com.vn;ThiThuyDuong.Bui@ttigroup.com.vn,ThiThuyDuong.Bui@ttigroup.com.vn,"TVN525403, Bui Thi Thuy Duong (VN.OP-SC)"
,12015,VIET NAM HIKEY TECHNOLOGY COMPANY LIMITED,wangwei@vnhikey.com; jijuan@himore.cn; Sales@vnhikey.com; sales.assist@vnhikey.com,ThiMai.Le@ttigroup.com.vn;ThiNguyet.Do02@ttigroup.com.vn;AnhThu.Nguyen1@ttigroup.com.vn,ThiMai.Le@ttigroup.com.vn,"TVN514082, Le Thi Mai (VN.OP-SUC)"
,12529,"VIET NAM INITATION CO., LTD",mai@initation.com.vn; trang@initation.com.vn; huyen@initation.com.vn; exim@initation.com.vn,ThiMinhNghia.Tran@ttigroup.com.vn;ThiNguyet.Do02@ttigroup.com.vn;AnhThu.Nguyen1@ttigroup.com.vn,ThiMinhNghia.Tran@ttigroup.com.vn,"TVN898, Tran Thi Minh Nghia"
,13836,VIET NAM XINHUI TECHNOLOGY COMPANY LIMITED,phamthingoc@vnxinhui.com; xinhui@jmtck.com,ThiNguyet.Do02@ttigroup.com.vn;AnhThu.Nguyen1@ttigroup.com.vn;ThuHien.Nguyen@ttigroup.com.vn,ThuHien.Nguyen@ttigroup.com.vn,"TVN637980, Nguyen Thu Hien (VN.OP-SC-PMC)"
,12684,ADVANCE INNOVATION TECHNOLOGY (VIET NAM) COMPANY LIMITED,web@cnzjch.com;ait@cnzjch.com;charles.lin@cnzjch.com,VanDuc.Nguyen1@ttigroup.com.vn;ThiNguyet.Do02@ttigroup.com.vn;AnhThu.Nguyen1@ttigroup.com.vn,VanDuc.Nguyen1@ttigroup.com.vn,"TVN622655, Nguyen Van Duc (VN.OP-SUC)"
,10949,BACH TUNG TRAVEL CONSTRUCTION MECHANICAL COMPANY LIMITED,sale05@bachtung.vn; nguyentong@bachtung.vn; qa01@bachtung.vn; sale06@bachtung.vn; sale01@bachtung.vn; sale03@bachtung.vn; kehoach02@bachtung.vn;khaina@bachtung.vn;ngancm@bachtung.vn;kehoach04@bachtung.vn,ThiNguyet.Do02@ttigroup.com.vn;AnhThu.Nguyen1@ttigroup.com.vn;ThuHien.Nguyen@ttigroup.com.vn,ThuHien.Nguyen@ttigroup.com.vn,"TVN637980, Nguyen Thu Hien (VN.OP-SC-PMC)"
,9988,BESTEK ELECTRONICS (VIETNAM) COMPANY LIMITED,emily@szbtk.com; daffodilvn@szbtk.com; chans@szbtk.com; vnac02@szbtk.com; soraya@szbtk.com; vn_sales06@szbtk.com; ssab06@szbtk.com,ThiThanhMai.Vo@ttigroup.com.vn;ThiNguyet.Do02@ttigroup.com.vn;AnhThu.Nguyen1@ttigroup.com.vn,ThiThanhMai.Vo@ttigroup.com.vn,"TVN536662, Vo Thi Thanh Mai (VN.OP-SC)"
,9683,BR VINA PACKING COMPANY LIMITED,brvina2@gmail.com;bromega888@gmail.com; brvina.op@gmail.com,HoangMinh.Phan@ttigroup.com.vn;ThiNguyet.Do02@ttigroup.com.vn;AnhThu.Nguyen1@ttigroup.com.vn,HoangMinh.Phan@ttigroup.com.vn,"TVN547430, Phan Hoang Minh (VN.OP-PMC)"
,11535,BRILLIANT PRINTING COMPANY LIMITED,sd1@brilliant88.com; nganltk5@gmail.com; tristakhor <tristakhor@hotmail.my,ThanhYen.Tran@ttigroup.com.vn;ThiNguyet.Do02@ttigroup.com.vn;AnhThu.Nguyen1@ttigroup.com.vn,ThanhYen.Tran@ttigroup.com.vn,"TVN172, Tran Thanh Yen - TTIVN"
,9479,CAMEX VIET NAM CO LTD.,huong@camex.com.vn;camex.sale01@camex.com.vn;camex.sale07@camex.com.vn;camex.sale08@camex.com.vn,VanDuc.Nguyen1@ttigroup.com.vn;ThiNguyet.Do02@ttigroup.com.vn;AnhThu.Nguyen1@ttigroup.com.vn,VanDuc.Nguyen1@ttigroup.com.vn,"TVN622655, Nguyen Van Duc (VN.OP-SUC)"
,13239,CARBON COMPOSITE MATERIAL PRODUCTS COMPANY LIMITED,sales.vn@zskabang.com; kabang.vn@gmail.com; kabang.business@gmail.com; kabang.vn1@gmail.com; jackywang@zskabang.com;sales2@carbontechvn.com,BaoYen.Lam@ttigroup.com.vn;ThiNguyet.Do02@ttigroup.com.vn;AnhThu.Nguyen1@ttigroup.com.vn;NgocTuyen.Le@ttigroup.com.vn,BaoYen.Lam@ttigroup.com.vn;NgocTuyen.Le@ttigroup.com.vn,"TVN536636, Lam Bao Yen (VN.OP-SC)"
,10665,CENTURY CREATION (VIET NAM) COMPANY LIMITED,Henry.mai@centurycreation.com;century30@centurycreation.com;henry.mai@centurycreation.com;jane@centurycreation.com;jennie.huynh@centurycreation.com;sales@centurycreation.com;tina.huynh@centurycreation.com;ywgd@centurycreation.com,ThiNguyet.Do02@ttigroup.com.vn;AnhThu.Nguyen1@ttigroup.com.vn;Anh.Trinh@ttigroup.com.vn,Anh.Trinh@ttigroup.com.vn,"TVN637647, Trinh Hoang Kim Anh (VN.OP-SC-PMC)"
,10888,CGH TECHNOLOGY (VIETNAM) COMPANY LIMITED,cx@chinacgh.com;fin02@cghvn.com;pm09@cghvn.com;qa01@cghvn.com;pmc08@cghvn.com,ThiHongDat.Le@ttigroup.com.vn;ThiNguyet.Do02@ttigroup.com.vn;AnhThu.Nguyen1@ttigroup.com.vn,ThiHongDat.Le@ttigroup.com.vn,"TVN592868, Le Thi Hong Dat (VN.OP-PMC)"
,11872,"CHOICE PRO-TECH CO., LTD",lythanhthaodntu@gmail.com;tridienchoicetape@gmail.com,ThiNguyet.Do02@ttigroup.com.vn;AnhThu.Nguyen1@ttigroup.com.vn;ThiThuyDuong.Bui@ttigroup.com.vn,ThiThuyDuong.Bui@ttigroup.com.vn,"TVN525403, Bui Thi Thuy Duong (VN.OP-SC)"
,9921,CHUNTAI ADVANCED TECHNOLOGY DEVELOPMENT CO.LTD.(VIETNAM),ct_pmc@chuntaitech.com;ctvn_sales@chuntaitech.com;ct_sales@chuntaitech.com,ThiNguyet.Do02@ttigroup.com.vn;AnhThu.Nguyen1@ttigroup.com.vn;ThuHien.Nguyen@ttigroup.com.vn,ThuHien.Nguyen@ttigroup.com.vn,"TVN637980, Nguyen Thu Hien (VN.OP-SC-PMC)"
,11781,CLICK TECHNOLOGY (VIETNAM) COMPANY LIMITED,alextang@clickele.com; zhouhy@clicktec.net; justinpham@clicktec.net; VNSales@clicktec.net;PMCVN01@clicktec.net;PMCVN02@clicktec.net,ThiMinhNghia.Tran@ttigroup.com.vn;ThiNguyet.Do02@ttigroup.com.vn;AnhThu.Nguyen1@ttigroup.com.vn,ThiMinhNghia.Tran@ttigroup.com.vn,"TVN898, Tran Thi Minh Nghia"
,11883,CONG TY CO PHAN CO KHI CHINH XAC HAUTECH VIET NAM,ecovietnam.sales@gmail.com;phamtoanvcu@gmail.com;khsx@ecovn.vn;xnk@ecovn.vn;phamtoanvcu@gmail.com;planning4@hautech.com.vn;hiend2ql@gmail.com;lienht@ecovn.vn,VanDuc.Nguyen1@ttigroup.com.vn;ThiNguyet.Do02@ttigroup.com.vn;AnhThu.Nguyen1@ttigroup.com.vn,VanDuc.Nguyen1@ttigroup.com.vn,"TVN622655, Nguyen Van Duc (VN.OP-SUC)"
,10158,CONG TY TNHH ACE COLOR TECHNOLOGIES,Min.Duan@onlink-hk.com; libiyi@onlink-hk.com;cassie.chen@onlink-hk.com; zhengjie@onlink-hk.com; jade.yang@onlink-hk.com; joey.yang@onlink-hk.com; joyce.liu@onlink-hk.com;elisa.pei@onlink-hk.com; Wilson.Zhang@onlink-hk.com;kiki.wang@onlink-hk.com; shubo.xu@onlink-hk.com; pl.chen@onlink-hk.com; zhoubo@onlink-hk.com; ds.mao@onlink-hk.com; hp.lu@onlink-hk.com,HoMinhAnh.Vu@ttigroup.com.vn;ThiNguyet.Do02@ttigroup.com.vn;AnhThu.Nguyen1@ttigroup.com.vn,HoMinhAnh.Vu@ttigroup.com.vn,"TVN551766, Vu Ho Minh Anh (VN.OP-PMC)"
,11518,CONG TY TNHH BAO BI VAN LANG,315238228@qq.com;liyongshou1108@gmail.com;vanlangpacking@gmail.com;vanlangpackingco@gmail.com,ThiNguyet.Do02@ttigroup.com.vn;AnhThu.Nguyen1@ttigroup.com.vn;ThiThuyDuong.Bui@ttigroup.com.vn,ThiThuyDuong.Bui@ttigroup.com.vn,"TVN525403, Bui Thi Thuy Duong (VN.OP-SC)"
,12517,CONG TY TNHH GREAT TANG MOTOR VIET NAM,Jimliu@honestmotor.cn; xiaocuiping@tangmotor.com; zhangagang@tangmotor.com; vivianzhang@honestmotor.cn; zhouyuxue@tangmotor.com; zhangyu@tangmotor.com; huangxuefeng@tangmotor.com; ciguozheng@tangmotor.com; wangyongxiang@tangmotor.com;chenyan@tangmotor.com;wanglihao@honestmotor.cn; nguyen.nhaquyen@tangmotor.com,ThiMai.Le@ttigroup.com.vn;ThiNguyet.Do02@ttigroup.com.vn;AnhThu.Nguyen1@ttigroup.com.vn,ThiMai.Le@ttigroup.com.vn,"TVN514082, Le Thi Mai (VN.OP-SUC)"
,12089,CONG TY TNHH KHOA HOC VA CONG NGHE HYPER-LEAP,ctvn_sales@chuntaitech.com,ThiNguyet.Do02@ttigroup.com.vn;AnhThu.Nguyen1@ttigroup.com.vn;ThuHien.Nguyen@ttigroup.com.vn,ThuHien.Nguyen@ttigroup.com.vn,"TVN637980, Nguyen Thu Hien (VN.OP-SC-PMC)"
,9176,CONG TY TNHH KIEN XUONG,maxsfc@yahoo.com.tw; chidiep20@yahoo.com.vn; linhtuong574@gmail.com,ThanhYen.Tran@ttigroup.com.vn;ThiNguyet.Do02@ttigroup.com.vn;AnhThu.Nguyen1@ttigroup.com.vn,ThanhYen.Tran@ttigroup.com.vn,"TVN172, Tran Thanh Yen - TTIVN"
,12782,CONG TY TNHH QUANG KET,sales5@quangket.com; sales1@quangket.com,KhanhTuong.To@ttigroup.com.vn;ThiNguyet.Do02@ttigroup.com.vn;AnhThu.Nguyen1@ttigroup.com.vn,KhanhTuong.To@ttigroup.com.vn,"TVN505802, To Khanh Tuong"
,10279,KWONG TAT PRECISION METAL PRODUCT COMPANY LIMITED,regentvn@hotmail.com;vnrs03@regentspring.cn;vnrs06@regentspring.cn,Dang.Duong@ttigroup.com.vn;ThiNguyet.Do02@ttigroup.com.vn;AnhThu.Nguyen1@ttigroup.com.vn,Dang.Duong@ttigroup.com.vn,"TVN622650, Duong Nguyen Khanh Dang (VN.OP-SUC)"
,13376,CONG TY TNHH SAN XUAT NGU KIM TENGDA,tengren188@163.com;jczph188@163.com;qualitytengda@gmail.com;pmctengda@gmail.com;trcongyabu@163.com,VanDuc.Nguyen1@ttigroup.com.vn;ThiNguyet.Do02@ttigroup.com.vn;AnhThu.Nguyen1@ttigroup.com.vn,VanDuc.Nguyen1@ttigroup.com.vn,"TVN622655, Nguyen Van Duc (VN.OP-SUC)"
,11319,CONG TY TNHH TIAN-POWER TECHNOLOGY (VIET NAM), jazzie.nguyen@tian-power.com; kathy.kimphuong@tian-power.com; daont.cus@tian-power.com; hongfei.ma@tian-power.com; leihang.kang@tian-power.com; dongyuan.hou@tian-power.com; ,ThiMai.Le@ttigroup.com.vn;ThiNguyet.Do02@ttigroup.com.vn;AnhThu.Nguyen1@ttigroup.com.vn,ThiMai.Le@ttigroup.com.vn,"TVN514082, Le Thi Mai (VN.OP-SUC)"
,12323,CONG TY TNHH WUERTH DICH VU CONG NGHIEP (VIET NAM),Van.Nguyen@wuerth-industry.vn; mi.tran@wuerth-industry.vn; lily.nguyen@wuerth-industry.vn; giang.bui@wuerth-industry.vn; xuan.nguyen@wuerth-industry.vn,ThiNguyet.Do02@ttigroup.com.vn;AnhThu.Nguyen1@ttigroup.com.vn;ThuHien.Nguyen@ttigroup.com.vn,ThuHien.Nguyen@ttigroup.com.vn,"TVN637980, Nguyen Thu Hien (VN.OP-SC-PMC)"
,12813,CORBIN INDUSTRY COMPANY LIMITED,pill@corbinvn.com.vn; kim@corbinvn.com.vn; nolin@corbinvn.com.vn; kayce@corbinvn.com.vn;KhanhTuong.To@ttigroup.com.vn,ThiNguyet.Do02@ttigroup.com.vn;AnhThu.Nguyen1@ttigroup.com.vn,KhanhTuong.To@ttigroup.com.vn,"TVN505802, To Khanh Tuong"
,11194,"CREATIVE ENGINEERING CO., LTD.",tu.tran_bella@creativeengineering.net; duy.huynh_jacky@ce.com.vn; ngan.dang_kayla@ce.com.vn,KhanhTuong.To@ttigroup.com.vn;ThiNguyet.Do02@ttigroup.com.vn;AnhThu.Nguyen1@ttigroup.com.vn,KhanhTuong.To@ttigroup.com.vn,"TVN505802, To Khanh Tuong"
,9391,"CREST TOP VIET NAM CO., LTD",acc@cresttop.com.vn;peter@cresttop.com.vn;Quang Pham Van <peter@cresttop.com.vn>; lephiduc@cresttop.com.vn; quyetxuanmai <quyetxuanmai@yahoo.com.vn>;hanhnghiem14@gmail.com,ThiHongDat.Le@ttigroup.com.vn;ThiNguyet.Do02@ttigroup.com.vn;AnhThu.Nguyen1@ttigroup.com.vn,ThiHongDat.Le@ttigroup.com.vn,"TVN592868, Le Thi Hong Dat (VN.OP-PMC)"
,9826,CTY TNHH KY THUAT VA CONG NGHE LONG BAO VIET NAM,longbao@longbaochina.com; longbao01@longbaochina.com; jun.bao@longbaochina.com; 2643676077@qq.com; quachvuthanh1987@yahoo.com; peter.quach1987@gmail.com; sathish@longbaochina.com; ngan116127@gmail.com,ThiHongDat.Le@ttigroup.com.vn;ThiNguyet.Do02@ttigroup.com.vn;AnhThu.Nguyen1@ttigroup.com.vn,ThiHongDat.Le@ttigroup.com.vn,"TVN592868, Le Thi Hong Dat (VN.OP-PMC)"
,10524,CYBER CITY (ASIA) LIMITED,order@cyberprinting.com; sales@cyberprinting.com; hana.ng@cyberprinting.com;carol@cyberprinting.com; allen@cyberprinting.com; gon@cyberprinting.com,ThanhYen.Tran@ttigroup.com.vn;ThiNguyet.Do02@ttigroup.com.vn;AnhThu.Nguyen1@ttigroup.com.vn,ThanhYen.Tran@ttigroup.com.vn,"TVN172, Tran Thanh Yen - TTIVN"
,12168,D&S ELECTRONIC TECHNOLOGY VIETNAM COMPANY LIMITED,saldxg@ds-ele.com; adzyh@ds-ele.com; salzc@ds-ele.com; sallj@ds-ele.com; marian.pham@ds-ele.com; salpgy@ds-ele.com; lily.nguyen@ds-ele.com; salpcz@ds-ele.com; chenjian@ds-ele.com; ruanshiyanernv@ds-ele.com,ThiThanhMai.Vo@ttigroup.com.vn;ThiNguyet.Do02@ttigroup.com.vn;AnhThu.Nguyen1@ttigroup.com.vn,ThiThanhMai.Vo@ttigroup.com.vn,"TVN536662, Vo Thi Thanh Mai (VN.OP-SC)"
,,DECH MANUFACTURING TRADE IMPORT EXPORT COMPANY LIMITED,dech11@163.com; dech869@gmail.com; tianwei68@163.com; liyongshou1108@gmail.com; szl0734@163.com,ThiNguyet.Do02@ttigroup.com.vn;AnhThu.Nguyen1@ttigroup.com.vn;ThuHien.Nguyen@ttigroup.com.vn,ThuHien.Nguyen@ttigroup.com.vn,"TVN637980, Nguyen Thu Hien (VN.OP-SC-PMC)"
,11466,DIEU THUAN PRECISION COMPANY LIMITED,sales@dieuthuan.com.vn; xnk@dieuthuan.com.vn; sales01@dieuthuan.com.vn; sales02@dieuthuan.com.vn,KhanhTuong.To@ttigroup.com.vn;ThiNguyet.Do02@ttigroup.com.vn;AnhThu.Nguyen1@ttigroup.com.vn,KhanhTuong.To@ttigroup.com.vn,"TVN505802, To Khanh Tuong"
,9780,"DUCAR TECHNOLOGY CO., LTD",Clarice.hu@ducar.com.cn;beverly.wan@ducar.com.cn;dtoanhship@ducar.com.cn;ducarsales02@ducar.com.cn;tina.wu@ducar.com.cn;tung.luong@ducar.com.cn;ducarsales03@ducar.com.cn,NgocHuy.Mai@ttigroup.com.vn;ThiNguyet.Do02@ttigroup.com.vn;AnhThu.Nguyen1@ttigroup.com.vn,NgocHuy.Mai@ttigroup.com.vn,"TVN568025, Mai Ngoc Huy (VN.OP-PMC)"
,12906,EAGLE VIET NAM SCREWS AND FASTENERS COMPANY LIMITED,sale03@eagle-screw.com.vn; sale02@eagle-screw.com.vn; Customs01@eagle-screw.com.vn; es-sal008@eagle-screw.com,BaoYen.Lam@ttigroup.com.vn;ThiNguyet.Do02@ttigroup.com.vn;AnhThu.Nguyen1@ttigroup.com.vn;NgocTuyen.Le@ttigroup.com.vn,BaoYen.Lam@ttigroup.com.vn;NgocTuyen.Le@ttigroup.com.vn,"TVN536636, Lam Bao Yen (VN.OP-SC)"
,10239,ECO VIET NAM JOINT STOCK COMPANY,ecovietnam.sales@gmail.com;phamtoanvcu@gmail.com;khsx@ecovn.vn;xnk@ecovn.vn; phamtoanvcu@gmail.com;kdt2@ecovn.vn;canhnn@ecovn.vn;kdt3@ecovn.vn;kdt3@ecovn.vn,VanDuc.Nguyen1@ttigroup.com.vn;ThiNguyet.Do02@ttigroup.com.vn;AnhThu.Nguyen1@ttigroup.com.vn,VanDuc.Nguyen1@ttigroup.com.vn,"TVN622655, Nguyen Van Duc (VN.OP-SUC)"
,10312,"ELMA VIETNAM INDUSTRIAL CO., LTD",lamhien@elmavn.com;asistant@elmavn.com;brucelee@elmavn.com,ThiNguyet.Do02@ttigroup.com.vn;AnhThu.Nguyen1@ttigroup.com.vn,AnhThu.Nguyen1@ttigroup.com.vn,"TVN621316, Nguyen Anh Thu (VN.OP-SUC)"
,12345,ESSENCE FASTENER TECHNOLOGIES VIETNAM COMPANY LIMITED,ethancheng@efi.com.vn;qa@efi.com.vn;sales2@efi.com.vn;sales3@efi.com.vn,ThiNguyet.Do02@ttigroup.com.vn;AnhThu.Nguyen1@ttigroup.com.vn,AnhThu.Nguyen1@ttigroup.com.vn,"TVN621316, Nguyen Anh Thu (VN.OP-SUC)"
,12002,EXPORT MECHANICAL TOOL STOCK COMPANY,hien.nt@emtc.com.vn; nn.hieu@emtc.com.vn; lk.huyen@emtc.com.vn; kd@emtc.com.vn; nd.nghia@emtc.com.vn; honamtrung@emtc.com.vn,ThiNguyet.Do02@ttigroup.com.vn;AnhThu.Nguyen1@ttigroup.com.vn;ThuHien.Nguyen@ttigroup.com.vn,ThuHien.Nguyen@ttigroup.com.vn,"TVN637980, Nguyen Thu Hien (VN.OP-SC-PMC)"
,9762,FABONI VIET NAM OIL CHEMICAL COMPANY LIMITED,fabonivn@163.com; dinvinh2303@gmail.com; wonglanqin99@126.com,ThiNguyet.Do02@ttigroup.com.vn;AnhThu.Nguyen1@ttigroup.com.vn;ThuHien.Nguyen@ttigroup.com.vn,ThuHien.Nguyen@ttigroup.com.vn,"TVN637980, Nguyen Thu Hien (VN.OP-SC-PMC)"
,10183,FANG DE (VIET NAM) ELECTRIC MACHINERY TECHNOLOGY COMPANY LIMITED,jiac.hu@fdm.com.cn; hao.zhou@fdm.com.cn; haib.fang@fdm.com.cn; yangq.jin@fdm.com.cn; lian.he@fdm.com.cn; fd_bgy@fdm.com.cn; yings.fan@fdm.com.cn,ThiMai.Le@ttigroup.com.vn;ThiNguyet.Do02@ttigroup.com.vn;AnhThu.Nguyen1@ttigroup.com.vn,ThiMai.Le@ttigroup.com.vn,"TVN514082, Le Thi Mai (VN.OP-SUC)"
,11275,"FANCY INDUSTRY VIET NAM CO.,LTD",planner3.vn@fancy.net.cn;planner7.vn@fancy.net.cn,ThienAn.Phan@ttigroup.com.vn;ThiNguyet.Do02@ttigroup.com.vn;AnhThu.Nguyen1@ttigroup.com.vn,ThienAn.Phan@ttigroup.com.vn,"TVN524979, Phan Thien An (VN.OP-SC)"
,11813,FANS-TECH ELECTRIC (VIETNAM) COMPANY LIMITED,david@fans-tech.com;fabian.fu@fans-tech.com,ThiNguyet.Do02@ttigroup.com.vn;AnhThu.Nguyen1@ttigroup.com.vn;HoangMinh.Phan@ttigroup.com.vn;HoangAnh.Truong@ttigroup.com.vn,HoangMinh.Phan@ttigroup.com.vn;HoangAnh.Truong@ttigroup.com.vn,"TVN547430, Phan Hoang Minh (VN.OP-PMC)"
,12351,FAVORATENG COMPANY LIMITED,coordinate02@favorateng-vn.com;coordinate01@favorateng-vn.com; rain@favorateng.com; buyer01@favorateng-vn.com;jeremy.huang@favorateng.com,HoangMinh.Phan@ttigroup.com.vn;ThiNguyet.Do02@ttigroup.com.vn;AnhThu.Nguyen1@ttigroup.com.vn,HoangMinh.Phan@ttigroup.com.vn,"TVN547430, Phan Hoang Minh (VN.OP-PMC)"
,12907,FRECOM VIET NAM COMPANY LIMITED,chenjie@frecom.com.cn; annewang@frecom.com.cn; jinlulu@frecom.com.cn; Lena.kuang@frecom.com.cn; frecom.log@gmail.com,ThiThanhMai.Vo@ttigroup.com.vn;ThiNguyet.Do02@ttigroup.com.vn;AnhThu.Nguyen1@ttigroup.com.vn,ThiThanhMai.Vo@ttigroup.com.vn,"TVN536662, Vo Thi Thanh Mai (VN.OP-SC)"
,11335,FRANCOOL(VIET NAM)TECHNOLOGY COMPANY LIMITED,customsfrancoolvn@gmail.com; xiaoshou@francool.com; taikhoanhaiquanfrancool@gmail.com; intersales@francool.com,ThiNguyet.Do02@ttigroup.com.vn;AnhThu.Nguyen1@ttigroup.com.vn;ThuHien.Nguyen@ttigroup.com.vn,ThuHien.Nguyen@ttigroup.com.vn,"TVN637980, Nguyen Thu Hien (VN.OP-SC-PMC)"
,10300,FU YUAN VN COMPANY LIMITED,gnvina@gmail.com;liuyannan322@126.com,Dang.Duong@ttigroup.com.vn;ThiNguyet.Do02@ttigroup.com.vn;AnhThu.Nguyen1@ttigroup.com.vn,Dang.Duong@ttigroup.com.vn,"TVN622650, Duong Nguyen Khanh Dang (VN.OP-SUC)"
,12090,GAOKERUN VIET NAM ELECTRONIC TECHNOLOGY COMPANY LIMITED,josia.xia@goldcorolla.com; candy.tieu@goldcorolla.com; howard.chen@goldcorolla.com; fang.huang@goldcorolla.com; fang.huang@goldcorolla.com; miranda.he@goldcorolla.com; Alan.Ton@goldcorolla.com; longman.xiao@goldcorolla.com; bella.dinh@goldcorolla.com; vivien.shi@goldcorolla.com; dana.xie@goldcorolla.com,ThiNguyet.Do02@ttigroup.com.vn;AnhThu.Nguyen1@ttigroup.com.vn;HoangMinh.Phan@ttigroup.com.vn;HoangAnh.Truong@ttigroup.com.vn,HoangMinh.Phan@ttigroup.com.vn;HoangAnh.Truong@ttigroup.com.vn,"TVN547430, Phan Hoang Minh (VN.OP-PMC)"
,12065,"FUJI SEIKO VIETNAM CO., LTD.",customs@fujiseiko.com.vn; huyennt@fujiseiko.com.vn; tony.sun@yufeng-group.com;  pham.ngocthu@fujiseiko.com.vn; yennth@fujiseiko.com.vn; yennth@fujiseiko.com.vn,BaoYen.Lam@ttigroup.com.vn;ThiNguyet.Do02@ttigroup.com.vn;AnhThu.Nguyen1@ttigroup.com.vn;NgocTuyen.Le@ttigroup.com.vn,BaoYen.Lam@ttigroup.com.vn;NgocTuyen.Le@ttigroup.com.vn,"TVN536636, Lam Bao Yen (VN.OP-SC)"
,10921,"GENBYTE TECHNOLOGY (VIETNAM) CO.,LTD",Allen.xu@genbytech.com; ada.zhong@genbytech.com; liuzeshuang@genbytech.com; dayong.yu@genbytech.com; ada.zhong@genbytech.com; marketing@genbytech.com; qibing.ding@genbytech.com; marketing@genbytech.com; ttisales1@genbytech.com; yuluan.li@genbytech.com; Kelly.Le@genbytech.com; vn-pmc.list@genbytech.com; chunyan.ding@genbytech.com; ting.duan@genbytech.com; ting.duan@genbytech.com,TienTrien.Pham@ttigroup.com.vn;ThiNguyet.Do02@ttigroup.com.vn;AnhThu.Nguyen1@ttigroup.com.vn,TienTrien.Pham@ttigroup.com.vn,"TVN533110, Pham Tien Trien (VN.OP-SC)"
,11569,GIGA ELECTRONICS (VIETNAM) COMPANY LIMITED,Ruanshiruyi@tenpao.com; zhongrongxiang@tenpao.com; oulili@tenpao.com; jessie@tenpao.com;fanwenyang@tenpao.com;ruanshicuiqiao@tenpao.com ,ThiMinhNghia.Tran@ttigroup.com.vn;ThiNguyet.Do02@ttigroup.com.vn;AnhThu.Nguyen1@ttigroup.com.vn,ThiMinhNghia.Tran@ttigroup.com.vn,"TVN898, Tran Thi Minh Nghia"
,12320,GENIUS WIN VIETNAM RUBBER AND PLASTIC PRODUCTS COMPANY LIMITED,lamenzhou@siruixs.com;ynhsl@siruixs.com;ynqe_eng@siruixs.com;yw8@siruixs.com;ynyw@siruixs.com,ThienAn.Phan@ttigroup.com.vn;ThiNguyet.Do02@ttigroup.com.vn;AnhThu.Nguyen1@ttigroup.com.vn,ThienAn.Phan@ttigroup.com.vn,"TVN524979, Phan Thien An (VN.OP-SC)"
,12493,GOODWIN TECHNOLOGY (VIETNAM)COMPANY LIMITED,michelle.zhong@tenpao.com; della.zeng@tenpao.com; Linda@tenpao.com; sucunming@tenpao.com; zhanghuijuan@tenpao.com;  zengjunxiang@tenpao.com; vn_linyajiao@tenpao.com; wonder@tenpao.com; canace@tenpao.com; canace@tenpao.com,ThiMai.Le@ttigroup.com.vn;ThiNguyet.Do02@ttigroup.com.vn;AnhThu.Nguyen1@ttigroup.com.vn,ThiMai.Le@ttigroup.com.vn,"TVN514082, Le Thi Mai (VN.OP-SUC)"
,9340,"GREEN (VIET NAM) CO., LTD",green.xanhxanh1@gmail.com;green.xanhxanh2@gmail.com;greencords.xanhxanh@gmail.com,ThiNguyet.Do02@ttigroup.com.vn;AnhThu.Nguyen1@ttigroup.com.vn;ChiQuocHung.Le@ttigroup.com.vn,ChiQuocHung.Le@ttigroup.com.vn,"TVN634465, Le Chi Quoc Hung (VN.OP-SUC)"
,11126,HAIXING TECHNOLOGY (VIET NAM) COMPANY LIMITED,sales08@haixing-tech.com; sales12@haixing-tech.com;sales05@haixing-tech.com,ThienAn.Phan@ttigroup.com.vn;ThiNguyet.Do02@ttigroup.com.vn;AnhThu.Nguyen1@ttigroup.com.vn,ThienAn.Phan@ttigroup.com.vn,"TVN524979, Phan Thien An (VN.OP-SC)"
,9460,HANSEONG VIET NAM PRECISION TECHNOLOGY COMPANY LIMITED,Hanseonqc@gmail.com;Huongle.hanseong@gmail.com;hanseonged@gmail.com;hanseongmd@gmail.com;hanseongmetal@163.com;thoatran.hanseong@gmail.com,ThiNguyet.Do02@ttigroup.com.vn;AnhThu.Nguyen1@ttigroup.com.vn,AnhThu.Nguyen1@ttigroup.com.vn,"TVN621316, Nguyen Anh Thu (VN.OP-SUC)"
,11776,HAUDE COMPANY LIMITED,haude.purchase01@gmail.com;houde.bag@shunbox.com;houde.hu036@amail.com;houde.hu036@gmail.com;houde.li061@gamil.com;houde.li061@gmail.com;houde.vn038@gmail.com;yenngochaudemc@gmail.com,ThiNguyet.Do02@ttigroup.com.vn;AnhThu.Nguyen1@ttigroup.com.vn;ThiThuyDuong.Bui@ttigroup.com.vn,ThiThuyDuong.Bui@ttigroup.com.vn,"TVN525403, Bui Thi Thuy Duong (VN.OP-SC)"
,10332,"HIROTA PRECISION VIET NAM CO., LTD.",doan-tuan@hirota-vn.com;le-lan@hirota-vn.com;nhan-acc@hirota-vn.com;nhathirota@gmail.com;thuy-warehouse@hirota-vn.com;van-sales@hirota-vn.com,ThiThanhMai.Vo@ttigroup.com.vn;ThiNguyet.Do02@ttigroup.com.vn;AnhThu.Nguyen1@ttigroup.com.vn,ThiThanhMai.Vo@ttigroup.com.vn,"TVN622650, Duong Nguyen Khanh Dang (VN.OP-SUC)"
,11420,"HK YOUHUIYU INDUSTRY CO., LIMITED",Nguyenmien@sozongroup.com;PY.Hou-GMA@xiyugroup.cn;cs-vn001@xiyugroup.cn;eng2@xiyugroup.cn;eng3@xiyugroup.cn;eng5@xiyugroup.cn;hjh871016@xiyugroup.cn;hoangminhhuyen021199@gmail.com;mengshi@sozongroup.com;nguyenmien@sozongroup.com;pmc-vn002@xiyugroup.cn;qa001@xiyugroup.cn;sale1@xiyugroup.cn;trangnambui@gmail.com;xiuxiu010188@gmail.com;yuan-pd@xiyugroup.cn;zhao-eng@xiyugroup.cn;陈氏秀 <pmc-vn002@xiyugroup.cn>; 黄利勇 <liyonghuang@xiyugroup.cn>,ThiNguyet.Do02@ttigroup.com.vn;AnhThu.Nguyen1@ttigroup.com.vn;Anh.Trinh@ttigroup.com.vn,Anh.Trinh@ttigroup.com.vn,"TVN637647, Trinh Hoang Kim Anh (VN.OP-SC-PMC)"
,12429,HONDA (DONG NAI) PRINTING AND PACKAGING COMPANY LIMITED,tnsales@hondaholdings.com; tn-sales3@hondaholdings.com; tn-sales2@hondaholdings.com; yingli@hondaholdings.com; mark.xiong@hondaholdings.com; rongjin.yang@gaoyipp.com; tn-guanwu@hondaholdings.com,ThanhYen.Tran@ttigroup.com.vn;ThiNguyet.Do02@ttigroup.com.vn;AnhThu.Nguyen1@ttigroup.com.vn,ThanhYen.Tran@ttigroup.com.vn,"TVN172, Tran Thanh Yen - TTIVN"
,12260,"HONG DAH INDUSTRY CO.,LTD",dungdt_hd@yahoo.com;quyen0806@gmail.com;nthienthao87@yahoo.com;chinhlb_hd@yahoo.com,VanDuc.Nguyen1@ttigroup.com.vn;ThiNguyet.Do02@ttigroup.com.vn;AnhThu.Nguyen1@ttigroup.com.vn,VanDuc.Nguyen1@ttigroup.com.vn,"TVN622655, Nguyen Van Duc (VN.OP-SUC)"
,12026,Hong Kong Jiapin Technology Company Limited,yangshilong@huajie.com; lijy@huajie.com;julia@huajie.com;tangfangqianhuazhijie-yewuzhichi@huajie.com; salessupport_vn01@huajie.com; salessupport_vn01@huajie.com; thi@huajie.com; evan.wong@huajie.com;bellajoy@huajie.com; tao@huajie.com; luenfucao@huajie.com; salessupport_vn03@huajie.com ;wuboguo@huajie.com,ThiMai.Le@ttigroup.com.vn;ThiNguyet.Do02@ttigroup.com.vn;AnhThu.Nguyen1@ttigroup.com.vn,ThiMai.Le@ttigroup.com.vn,"TVN514082, Le Thi Mai (VN.OP-SUC)"
,10458,"HONG KONG YOU QIANG INTERNATIONAL TRADING CO., LIMITED",youqiang@youqiangvn.com; youqiang045@gmail.com,KhanhTuong.To@ttigroup.com.vn;ThiNguyet.Do02@ttigroup.com.vn;AnhThu.Nguyen1@ttigroup.com.vn,KhanhTuong.To@ttigroup.com.vn,"TVN505802, To Khanh Tuong"
,8650,"HONG KONG SUMIDA TRADING CO., LTD.",lhy2008zh@vip.126.com;donna@zhiaovn.com;paul@zhiaovn.com;jocasta@zhiaovn.com;13826499885@163.com,VanDuc.Nguyen1@ttigroup.com.vn;ThiNguyet.Do02@ttigroup.com.vn;AnhThu.Nguyen1@ttigroup.com.vn,VanDuc.Nguyen1@ttigroup.com.vn,"TVN622655, Nguyen Van Duc (VN.OP-SUC)"
,9317,HONG VAN METAL WARE LIMITED COMPANY,hongyuntti@gmail.com; 867977824@qq.com,ThiNguyet.Do02@ttigroup.com.vn;AnhThu.Nguyen1@ttigroup.com.vn;ThuHien.Nguyen@ttigroup.com.vn,ThuHien.Nguyen@ttigroup.com.vn,"TVN637980, Nguyen Thu Hien (VN.OP-SC-PMC)"
,12807,HONG LI INDUSTRY COMPANY LIMITED,sunny.bai@mail.holeon.hk; angela.huang@mail.holeon.hk; sales07@mail.holeon.hk,ThanhYen.Tran@ttigroup.com.vn;ThiNguyet.Do02@ttigroup.com.vn;AnhThu.Nguyen1@ttigroup.com.vn,ThanhYen.Tran@ttigroup.com.vn,"TVN172, Tran Thanh Yen - TTIVN"
,9204,"HONGKONG GUANGJIU INDUSTRIAL CO., LIMITED",Nguyenmien@sozongroup.com;hannya.xq@gmail.com;hdlyingshua@sozongroup.com;luyouhua@sozongroup.com;nguyenhaannhien20@gmail.com;pd-vn001@xiyugroup.cn;phanoanh17051990@gmail.com;qin@sozongroup.com;sophiapan@sozongroup.com;vnser@sozongroup.com;vuthihuong@sozongroup.com;xiaojunjie@sozongroup.com;xjyezhu-1@sozongroup.com;xqli@sozongroup.com;yezhu01@sozongroup.com;yezhu08@sozongroup.com;yuan-pd@xiyugroup.cn;yujun@sozongroup.com;zhangmin@sozongroup.com;phanthioanh@sozongroup.com,NhatDoan.Nguyen@ttigroup.com.vn;ThiNguyet.Do02@ttigroup.com.vn;AnhThu.Nguyen1@ttigroup.com.vn,NhatDoan.Nguyen@ttigroup.com.vn,"TVN595846, Sol Nguyen Nhat Doan (VN.OP-PMC)"
,10379,IVORY TOWER INVESTMENTS LIMITED,sales208@gxprintmall.com;vitochen@gxprintmall.com; sales225@gxprintmall.com; nancy@gxprintmall.com;pchsu@gxprintmall.com; kitty@gxprintmall.com,HoangMinh.Phan@ttigroup.com.vn;ThiNguyet.Do02@ttigroup.com.vn;ThiThuyDuong.Bui@ttigroup.com.vn,HoangMinh.Phan@ttigroup.com.vn;ThiThuyDuong.Bui@ttigroup.com.vn,"TVN525403, Bui Thi Thuy Duong (VN.OP-SC)"
,10457,JECKSON ELECTRIC COMPANY LIMITED,liuyilong@casil-jeckson.com; ruanshicui@casil-cheeyuen.com; xujiahui@casil-jeckson.com; wencuix@casil-cheeyuen.com,ThiMinhNghia.Tran@ttigroup.com.vn;ThiNguyet.Do02@ttigroup.com.vn;AnhThu.Nguyen1@ttigroup.com.vn,ThiMinhNghia.Tran@ttigroup.com.vn,"TVN898, Tran Thi Minh Nghia"
,11906,JINDING POWDER METALLURGY VIETNAM COMPANY LIMITED,Sale01@vnjdyj.com,BaoYen.Lam@ttigroup.com.vn;ThiNguyet.Do02@ttigroup.com.vn;AnhThu.Nguyen1@ttigroup.com.vn;NgocTuyen.Le@ttigroup.com.vn,BaoYen.Lam@ttigroup.com.vn;NgocTuyen.Le@ttigroup.com.vn,"TVN536636, Lam Bao Yen (VN.OP-SC)"
,12871,JIABEN ELECTRONICS TECHNOLOGY (VIETNAM) COMPANY LIMITED,doli.zhou@jiaben.com;jiaben@vip.163.com,Dang.Duong@ttigroup.com.vn;ThiNguyet.Do02@ttigroup.com.vn;AnhThu.Nguyen1@ttigroup.com.vn,Dang.Duong@ttigroup.com.vn,"TVN622650, Duong Nguyen Khanh Dang (VN.OP-SUC)"
,11894,"JINYANG CO., LTD",jyvn.sales01@jy-oilseal.com;jyvnexport01@jy-oilseal.com,VanDuc.Nguyen1@ttigroup.com.vn;ThiNguyet.Do02@ttigroup.com.vn;AnhThu.Nguyen1@ttigroup.com.vn,VanDuc.Nguyen1@ttigroup.com.vn,"TVN622655, Nguyen Van Duc (VN.OP-SUC)"
,10589,JOY PROSPER ENTERPRISE COMPANY LIMITED,lilia@sunluenmetal.com;angel@sunluenmetal.com;ava@sunluenmetal.com;vnpmc@sunluenmetal.com;vnpmc@sunluenmetal.com;vnpmc02@sunluenmetal.com;thienan.phan@ttigroup.com.vn;js@siruixs.com;zhangtranmyky@gmail.com;vnpmc03@sunluenmetal.com; vnpmc04@sunluenmetal.com,ThienAn.Phan@ttigroup.com.vn;ThiNguyet.Do02@ttigroup.com.vn;AnhThu.Nguyen1@ttigroup.com.vn,ThienAn.Phan@ttigroup.com.vn,"TVN524979, Phan Thien An (VN.OP-SC)"
,9793,"KANGPING TECHNOLOGY (VIETNAM)CO.,LTD",mc-sale@vnkangping.com; fiona@chinahighspeed.net; xiehong@chinahighspeed.net; xianyongwu@chinahighspeed.net; wuxiaozhen@chinahighspeed.net; shirly.xia@chinahighspeed.net; wendy.song@szkangping.com; lisongfang@chinahighspeed.net; vn-sales03@vnkangping.com;mc-sale@chinahighspeed.net,ThiMai.Le@ttigroup.com.vn;ThiNguyet.Do02@ttigroup.com.vn;AnhThu.Nguyen1@ttigroup.com.vn,ThiMai.Le@ttigroup.com.vn,"TVN514082, Le Thi Mai (VN.OP-SUC)"
,11500,KHGEARS VIETNAM COMPANY LIMITED,danny.nguyen@khgears.com;sunnytang@khgears.com;tuan.nguyen@khgears.com,ThiNguyet.Do02@ttigroup.com.vn;AnhThu.Nguyen1@ttigroup.com.vn;ChiQuocHung.Le@ttigroup.com.vn,ChiQuocHung.Le@ttigroup.com.vn,"TVN634465, Le Chi Quoc Hung (VN.OP-SUC)"
,10742,"L.A PRINT CO.,LTD",vu.le@laprint.com.vn; phuong.huynh@laprint.com.vn; ton.nguyen@laprint.com.vn,ThanhYen.Tran@ttigroup.com.vn;ThiNguyet.Do02@ttigroup.com.vn;AnhThu.Nguyen1@ttigroup.com.vn,ThanhYen.Tran@ttigroup.com.vn,"TVN172, Tran Thanh Yen - TTIVN"
,,KIM HUNG PHAT VN COMPANY LIMITED,saleskhp888@gmail.com; congtykimhungphat888@gmail.com;,ThanhYen.Tran@ttigroup.com.vn;ThiNguyet.Do02@ttigroup.com.vn;AnhThu.Nguyen1@ttigroup.com.vn,ThanhYen.Tran@ttigroup.com.vn,"TVN172, Tran Thanh Yen - TTIVN"
,12884,LAIYI (VIET NAM) ELECTRIC APPLIANCE COMPANY LIMITED,minhngocle11@laiyivietnam.vn;phongketoan@laiyivietnam.vn,Dang.Duong@ttigroup.com.vn;ThiNguyet.Do02@ttigroup.com.vn;AnhThu.Nguyen1@ttigroup.com.vn,Dang.Duong@ttigroup.com.vn,"TVN622650, Duong Nguyen Khanh Dang (VN.OP-SUC)"
,13264,LIBERALTECH (VIETNAM) COMPANY LIMITED,chalieling_xb@163.com; xinbo1_a@126.com,HoMinhAnh.Vu@ttigroup.com.vn;ThiNguyet.Do02@ttigroup.com.vn;AnhThu.Nguyen1@ttigroup.com.vn,HoMinhAnh.Vu@ttigroup.com.vn,"TVN551766, Vu Ho Minh Anh (VN.OP-PMC)"
,9807,"LONGOOD INTELLIGENT ELECTRIC (Vietnam) CO., LIMITED",zhudan@longood.com; hegd@longood.com; tracy@longood.com; hailee@longood.com; anwei@longood.com; keishanguyen@longood.com,TienTrien.Pham@ttigroup.com.vn;ThiNguyet.Do02@ttigroup.com.vn;AnhThu.Nguyen1@ttigroup.com.vn,TienTrien.Pham@ttigroup.com.vn,"TVN533110, Pham Tien Trien (VN.OP-SC)"
,10534,MINH THU ACCURATELY MECHANIC COMPANY LIMITED,customerservice@minhthu.vn;ngoc.tty@minhthu.vn;qc@minhthu.vn,ThiNguyet.Do02@ttigroup.com.vn;AnhThu.Nguyen1@ttigroup.com.vn;ChiQuocHung.Le@ttigroup.com.vn,ChiQuocHung.Le@ttigroup.com.vn,"TVN634465, Le Chi Quoc Hung (VN.OP-SUC)"
,12965,MELCO INDUSTRIAL SUPPLIES (VIETNAM) COMPANY LIMITED,alley_vo@melco.com.hk;casey_hiu@melco.com.hk;peter_le@melco.com.hk;pique_lam@melco.com.hk;ray_choi@melco.com.hk;vnmelco@melco.com.hk;lucy_vo@melco.com.hk,ThiNguyet.Do02@ttigroup.com.vn;AnhThu.Nguyen1@ttigroup.com.vn,AnhThu.Nguyen1@ttigroup.com.vn,"TVN621316, Nguyen Anh Thu (VN.OP-SUC)"
,10659,LIEN VINH PRODUCTION TRADING JOINT STOCK COMPANY,antihuydang@gmail.com;dienlivico@gmail.com;halienlivico@gmail.com;thamlivico@gmail.com; vinhnguyenlivico@gmail.com,VanDuc.Nguyen1@ttigroup.com.vn;ThiNguyet.Do02@ttigroup.com.vn;AnhThu.Nguyen1@ttigroup.com.vn,VanDuc.Nguyen1@ttigroup.com.vn,"TVN622655, Nguyen Van Duc (VN.OP-SUC)"
,10681,"NGOC THANH PHUOC PACKAGING CO.,LTD",kimtuyen@nhuangocthanhphuoc.com; khonglong0107@gmail.com; minhhoang150430@gmail.com,ThanhYen.Tran@ttigroup.com.vn;ThiNguyet.Do02@ttigroup.com.vn;AnhThu.Nguyen1@ttigroup.com.vn,ThanhYen.Tran@ttigroup.com.vn,"TVN172, Tran Thanh Yen - TTIVN"
,444,"NADFINLO PLASTICS INDUSTRY CO., LTD.",frank.chen@nadfinlo.com.cn;grace.chan@nadfinlo.com;james.wu@nadfinlo.com.vn;nvnfnl02@nadfinlo.com.vn;nvnfnl04@nadfinlo.com.vn;nvnfnl07@nadfinlo.com.vn;nvnpmc04@nadfinlo.com.vn;nvnsnp10@nadfinlo.com.vn,ThiHongDat.Le@ttigroup.com.vn;ThiNguyet.Do02@ttigroup.com.vn;AnhThu.Nguyen1@ttigroup.com.vn,ThiHongDat.Le@ttigroup.com.vn,"TVN592868, Le Thi Hong Dat (VN.OP-PMC)"
,13313,NEW SUN VIET NAM TECHNOLOGY COMPANY LIMITED,linh.duong@newsunvn.com; uyen.tran@newsunvn.com;thuy.le@newsunvn.com,ThiNguyet.Do02@ttigroup.com.vn;AnhThu.Nguyen1@ttigroup.com.vn;ChiQuocHung.Le@ttigroup.com.vn,ChiQuocHung.Le@ttigroup.com.vn,"TVN634465, Le Chi Quoc Hung (VN.OP-SUC)"
,11503,NAM VIET GROUP SOLUTIONS JOINT STOCK COMPANY,cskh03@namvietsg.com,ThanhYen.Tran@ttigroup.com.vn;ThiNguyet.Do02@ttigroup.com.vn;AnhThu.Nguyen1@ttigroup.com.vn,ThanhYen.Tran@ttigroup.com.vn,"TVN172, Tran Thanh Yen - TTIVN"
,13751,PHO YEN MECHANICAL JOINT STOCK COMPANY,nguyentrunghieu@fomeco.vn; ngovanphuc@fomeco.vn; levankhanh@fomeco.vn; tathingocnuong@fomeco.vn; lengocha@fomeco.vn; tothitrang@fomeco.vn;,ThiNguyet.Do02@ttigroup.com.vn;AnhThu.Nguyen1@ttigroup.com.vn;HoMinhAnh.Vu@ttigroup.com.vn,HoMinhAnh.Vu@ttigroup.com.vn,"TVN551766, Vu Ho Minh Anh (VN.OP-PMC)"
,13729,"QIAN SHENG HARDWARE CO., LTD",jessica@zg-qiansheng.com; jojo-hk@zg-qiansheng.com; marketing001@zg-qiansheng.com; duyen@zg-qiansheng.com,NhatDoan.Nguyen@ttigroup.com.vn;ThiNguyet.Do02@ttigroup.com.vn;AnhThu.Nguyen1@ttigroup.com.vn,NhatDoan.Nguyen@ttigroup.com.vn,"TVN595846, Sol Nguyen Nhat Doan (VN.OP-PMC)"
,5292,"QITENG INDUSTRY (H.K.) CO.,LIMITED",sd03@qiteng-hardware.com; sd02@qiteng-hardware.com; SLXU@SZHSX.COM; sd05@qiteng-hardware.com,BaoYen.Lam@ttigroup.com.vn;ThiNguyet.Do02@ttigroup.com.vn;AnhThu.Nguyen1@ttigroup.com.vn;NgocTuyen.Le@ttigroup.com.vn,BaoYen.Lam@ttigroup.com.vn;NgocTuyen.Le@ttigroup.com.vn,"TVN536636, Lam Bao Yen (VN.OP-SC)"
,11488,R-PAC VIETNAM LIMITED,Annie.Hoang@r-pac.com;Dung.Than@r-pac.com;Elsa.nguyen@r-pac.com;Jason.Tran@r-pac.com;Julia.Dang@r-pac.com;Kayla.Ngo@r-pac.com;Kei.Do@r-pac.com;Mytien.Mai@r-pac.com;Nhung.Bui@r-pac.com;Thuan.tran@r-pac.com;Trang.phan@r-pac.com;Tron.Danh@r-pac.com;chau.ha@r-pac.com;chris.nguyen@r-pac.com;hieu.nguyen@r-pac.com;lan.vu@r-pac.com;lisa.phan@r-pac.com;nhung.nguyen@r-pac.com;truongvan.dang@r-pac.com;van.thuy@r-pac.com,NgocHuy.Mai@ttigroup.com.vn;ThiNguyet.Do02@ttigroup.com.vn;AnhThu.Nguyen1@ttigroup.com.vn,NgocHuy.Mai@ttigroup.com.vn,"TVN568025, Mai Ngoc Huy (VN.OP-PMC)"
,10561,QUAN NHAT BINH PHUOC COMPANY LIMITED,chuck.wang@163.com; ctyquannhat86@gmail.com; quannhat234@gmail.com; baobihungtin@gmail.com; hungtin062021@gmail.com; guanyitongnai@gmail.com,ThanhYen.Tran@ttigroup.com.vn;ThiNguyet.Do02@ttigroup.com.vn;AnhThu.Nguyen1@ttigroup.com.vn,ThanhYen.Tran@ttigroup.com.vn,"TVN172, Tran Thanh Yen - TTIVN"
,9878,SHENGLI VN COMPANY LIMITED,dck6868@163.com; dck808@163.com; bali321@163.com,ThanhYen.Tran@ttigroup.com.vn;ThiNguyet.Do02@ttigroup.com.vn;AnhThu.Nguyen1@ttigroup.com.vn,ThanhYen.Tran@ttigroup.com.vn,"TVN172, Tran Thanh Yen - TTIVN"
,12518,SCHINDLER VIETNAM LIMITED,duyson.nguyen@schindler.com; phuoc.vo@schindler.com; tue.nguyen@schindler.com; giap.dinh@schindler.com; suong.mai@schindler.com; thanhthao.ly@schindler.com;  truong.nguyen@schindler.com; congminh.hoang@schindler.com,VanDuc.Nguyen1@ttigroup.com.vn;ThiNguyet.Do02@ttigroup.com.vn;AnhThu.Nguyen1@ttigroup.com.vn,VanDuc.Nguyen1@ttigroup.com.vn,"TVN622655, Nguyen Van Duc (VN.OP-SUC)"
,11858,SYF VIETNAM JOINT STOCK COMPANY,"vivienne@syf.com.cn;vivienne@syf.com.cn; vsyfkt@syf.com.cn;vsyfkd@syf.com.cn
",ThiNguyet.Do02@ttigroup.com.vn;AnhThu.Nguyen1@ttigroup.com.vn;ThuHien.Nguyen@ttigroup.com.vn,ThuHien.Nguyen@ttigroup.com.vn,"TVN637980, Nguyen Thu Hien (VN.OP-SC-PMC)"
,12555,SUNLITETEK (VIETNAM) COMPANY LIMITED,rizhi.yu@sunlitetek.com; sales02@sunlitetek.com; zongyue.chen@sunlitetek.com; yngs006@sunlitetek.com; yngs002@sunlitetek.com; Yngs005@sunlitetek.com,ThiNguyet.Do02@ttigroup.com.vn;AnhThu.Nguyen1@ttigroup.com.vn;ThuHien.Nguyen@ttigroup.com.vn,ThuHien.Nguyen@ttigroup.com.vn,"TVN637980, Nguyen Thu Hien (VN.OP-SC-PMC)"
,12628,SHUNDA MOLD (VIETNAM) COMPANY LIMITED,sdcby@sd-diecasting.com;sddlf@sd-diecasting.com;sddr@sd-diecasting.com;sdlz@sd-diecasting.com;sdsjy@sd-diecasting.com;sdtjl@sd-diecasting.com;sdwjj@sd-diecasting.com;sdzl2@sd-diecasting.com;sdzly@sd-diecasting.com;sdzqd@sd-diecasting.com;congtyshunda@gmail.com,NhatDoan.Nguyen@ttigroup.com.vn;ThiNguyet.Do02@ttigroup.com.vn;AnhThu.Nguyen1@ttigroup.com.vn,NhatDoan.Nguyen@ttigroup.com.vn,"TVN595846, Sol Nguyen Nhat Doan (VN.OP-PMC)"
,12616,SHUN KING PARK PRECISION CASTING VIETNAM COMPANY LIMITED,jhwei@hk-sk.com;lfzhang@hk-sk.com;tewy@hk-sk.com;yn3@hk-sk.com,NhatDoan.Nguyen@ttigroup.com.vn;ThiNguyet.Do02@ttigroup.com.vn;AnhThu.Nguyen1@ttigroup.com.vn,NhatDoan.Nguyen@ttigroup.com.vn,"TVN595846, Sol Nguyen Nhat Doan (VN.OP-PMC)"
,12591,THIEN HAI PACKAGING COMPANY LIMITED,nhungdoan88@gmail.com;thienhaipackaging.sale@gmail.com;thienhaipackaging@gmail.com,ThanhYen.Tran@ttigroup.com.vn;ThiNguyet.Do02@ttigroup.com.vn;AnhThu.Nguyen1@ttigroup.com.vn,ThanhYen.Tran@ttigroup.com.vn,"TVN172, Tran Thanh Yen - TTIVN"
,10562,THANH HOA PRINTING ONE MEMBER COMPANY LIMITED,peiyuen@foxmail.com,ThanhYen.Tran@ttigroup.com.vn;ThiNguyet.Do02@ttigroup.com.vn;AnhThu.Nguyen1@ttigroup.com.vn,ThanhYen.Tran@ttigroup.com.vn,"TVN172, Tran Thanh Yen - TTIVN"
,12225,TALWAY VIET NAM COMPANY LIMITED,twgw03@talway.vn; s77@guangwei-china.com; s501@guangwei-china.com;,ThiNguyet.Do02@ttigroup.com.vn;AnhThu.Nguyen1@ttigroup.com.vn;ChiQuocHung.Le@ttigroup.com.vn,ChiQuocHung.Le@ttigroup.com.vn,"TVN634465, Le Chi Quoc Hung (VN.OP-SUC)"
,12078,THANH DUONG GREEN PACKAGING COMPANY LIMITED,doan.acc@gmail.com; pcqr@szauzon.com; aaron@szauzon.com,ThanhYen.Tran@ttigroup.com.vn;ThiNguyet.Do02@ttigroup.com.vn;AnhThu.Nguyen1@ttigroup.com.vn,ThanhYen.Tran@ttigroup.com.vn,"TVN172, Tran Thanh Yen - TTIVN"
,12603,THANH CONG TRADING AND PRODUCT JOINT STOCK COMPANY,thanhcongdiecasting1@gmail.com,BaoYen.Lam@ttigroup.com.vn;ThiNguyet.Do02@ttigroup.com.vn;AnhThu.Nguyen1@ttigroup.com.vn;NgocTuyen.Le@ttigroup.com.vn,BaoYen.Lam@ttigroup.com.vn;NgocTuyen.Le@ttigroup.com.vn,"TVN536636, Lam Bao Yen (VN.OP-SC)"
,11151,TOPBAND SMART DONG NAI (VIET NAM) COMPANY LIMITED,lil@topband.com.cn; xiey@topband.com.cn; liwt@topband.com.cn; iangd@topband.com.cn; guanyulan@topband.com.cn; zengqu@topband.com.cn; zengqu@topband.com.cn; baos@topband.com.cn; yangxu@topband.com.cn; ruanshixiang@topband.com.cn; guanyulan@topband.com.cn; huangyongfang1@topband.com.cn; ruanshichun@topband.com.cn; ThiHiep.Vu@ttigroup.com.vn; Lily.Cui@ttigroup.com; Bryant.Mu@ttigroup.com; ruanshimeirong@topband.com.cn,ThiNguyet.Do02@ttigroup.com.vn;AnhThu.Nguyen1@ttigroup.com.vn;HoangMinh.Phan@ttigroup.com.vn;HoangAnh.Truong@ttigroup.com.vn,HoangMinh.Phan@ttigroup.com.vn;HoangAnh.Truong@ttigroup.com.vn,"TVN547430, Phan Hoang Minh (VN.OP-PMC)"
,11277,TOP-TEK TECHNOLOGY (VIETNAM) COMPANY LIMITED,vn_sales3@top-tek.cn; sales_david@top-tek.cn; pmc_vn@top-tek.cn; tina_liu@top-tek.cn; purchase-17@top-tek.cn; vn_sales1@top-tek.cn; vn_sales2@top-tek.cn; Sales_sandy@top-tek.cn; sales_Nicole@top-tek.cn; sales_zou@top-tek.cn; sales_laura@top-tek.cn; ,TienTrien.Pham@ttigroup.com.vn;ThiNguyet.Do02@ttigroup.com.vn;AnhThu.Nguyen1@ttigroup.com.vn,TienTrien.Pham@ttigroup.com.vn,"TVN533110, Pham Tien Trien (VN.OP-SC)"
,11892,Thien Phu Mechannics Company Limited,"bui.huong@groupthienphu.com; ngo.nhat@groupthienphu.com; nguyen.duong@groupthienphu.com; ThiMyTien.Huynh@ttigroup.com.vn; KieuToMai.Nguyen@ttigroup.com.vn; hung.tranvan@groupthienphu.com
 
",ThienAn.Phan@ttigroup.com.vn;ThiNguyet.Do02@ttigroup.com.vn;AnhThu.Nguyen1@ttigroup.com.vn,ThienAn.Phan@ttigroup.com.vn,"TVN524979, Phan Thien An (VN.OP-SC)"
,11916,Toyomi Plastic Company Limited,dat.nguyen@toyomiplastics.vn;Kieu Huynh <kieu.huynh@toyomiplastics.vn>;quang.nguyen <quang.nguyen@toyomiplastics.vn>; dau.hoaiphuong <dau.hoaiphuong@toyomiplastics.vn>; info <info@toyomiplastics.vn>;PMC@toyomiplastics.vn,ThiHongDat.Le@ttigroup.com.vn;ThiNguyet.Do02@ttigroup.com.vn;AnhThu.Nguyen1@ttigroup.com.vn,ThiHongDat.Le@ttigroup.com.vn,"TVN592868, Le Thi Hong Dat (VN.OP-PMC)"
,10587,VI NAM VIET TRADING PRODUCTION IMPORT EXPORT COMPANY LIMITED,chi.vo@vinavit.com;dung.dang@vinavit.com;van.huynh@vinavit.com,ThiNguyet.Do02@ttigroup.com.vn;AnhThu.Nguyen1@ttigroup.com.vn,AnhThu.Nguyen1@ttigroup.com.vn,"TVN621316, Nguyen Anh Thu (VN.OP-SUC)"
,9283,VIETNAM HONOR HIGH TECH COMPANY LIMITED,ynpmc02@honor-cn.com; zhaohy@honor-cn.com; pmc31@honor-cn.com;ynpmc01@honor-cn.com,ThiMinhNghia.Tran@ttigroup.com.vn;ThiNguyet.Do02@ttigroup.com.vn;AnhThu.Nguyen1@ttigroup.com.vn,ThiMinhNghia.Tran@ttigroup.com.vn,"TVN898, Tran Thi Minh Nghia"
,13408,UNISAFETY TECHNOLOGY (VIETNAM) COMPANY LIMITED,gc3@unisafety.cn;sales19@unisafety.cn;Od01.vn@unisafety.cn,ThiNguyet.Do02@ttigroup.com.vn;AnhThu.Nguyen1@ttigroup.com.vn;ThuHien.Nguyen@ttigroup.com.vn,ThuHien.Nguyen@ttigroup.com.vn,"TVN637980, Nguyen Thu Hien (VN.OP-SC-PMC)"
,12725,TRUNG HANG (VIETNAM) RUBBER TECHNOLOGY COMPANY LIMITED,qa@trunghang.vn; nv@trunghang.vn; th@trunghang.vn,ThiNguyet.Do02@ttigroup.com.vn;AnhThu.Nguyen1@ttigroup.com.vn;ThuHien.Nguyen@ttigroup.com.vn,ThuHien.Nguyen@ttigroup.com.vn,"TVN637980, Nguyen Thu Hien (VN.OP-SC-PMC)"
,11699,VIETNAM KAIHATSU SERVICE TRADING PRODUCTION COMPANY LIMITED,Contact@kaihatsu-vn.com;Dev@kaihatsu-vn.com;Khsphongsanxuat@gmail.com;ketoan@kaihatsu-vn.com;khsphongsanxuat@gmail.com;qa-qc@kaihatsu-vn.com,ThienAn.Phan@ttigroup.com.vn;ThiNguyet.Do02@ttigroup.com.vn;AnhThu.Nguyen1@ttigroup.com.vn,ThienAn.Phan@ttigroup.com.vn,"TVN524979, Phan Thien An (VN.OP-SC)"
,11421,VIETNAM POWDER METALL JOINT STOCK COMPANY,tamnt@powdermetal.com.vn; kimngan0905@gmail.com,BaoYen.Lam@ttigroup.com.vn;ThiNguyet.Do02@ttigroup.com.vn;AnhThu.Nguyen1@ttigroup.com.vn;NgocTuyen.Le@ttigroup.com.vn,BaoYen.Lam@ttigroup.com.vn;NgocTuyen.Le@ttigroup.com.vn,"TVN536636, Lam Bao Yen (VN.OP-SC)"
,11623,VIETNAM ROTONG ELECTRO-MECHANICS COMPANY LIMITED,Zhanglu@cnrotong.com; liwei@cnrotong.com; fukeyu@cnrotong.com;xyl@cnrotong.com;ltrss@cnrotong.com; zhaojunjun@cnrotong.com; vnryh@cnrotong.com; hls@roshowgroup.com;,ThiMai.Le@ttigroup.com.vn;ThiNguyet.Do02@ttigroup.com.vn;AnhThu.Nguyen1@ttigroup.com.vn,ThiMai.Le@ttigroup.com.vn,"TVN514082, Le Thi Mai (VN.OP-SUC)"
,9879,VIETNAM LIHUA AUTOMATIC TECHNOLOGY COMPANY LIMITED,lihuatech@foxmail.com; lihuavietnam@gmail.com; lihuatech1@163.com; zmq7@sina.com; tangruiling@cqlh.com.cn; vietnamlihua@gmail.com; lihuatech02@163.com; lihuatuky01@gmail.com; zhangmaoqiang@cqlh.com.cn; luodailing0213@163.com; hientk09@gmail.com; huyueqian@cqlh.com.cn,ThiThanhMai.Vo@ttigroup.com.vn;ThiNguyet.Do02@ttigroup.com.vn;AnhThu.Nguyen1@ttigroup.com.vn,ThiThanhMai.Vo@ttigroup.com.vn,"TVN536662, Vo Thi Thanh Mai (VN.OP-SC)"
,13316,VIETNAM SHANGHU ELECTRONICS COMPANY LIMITED,sh_steven@126.com; hoangtam.k6.tcnh@gmail.com;,ThiNguyet.Do02@ttigroup.com.vn;AnhThu.Nguyen1@ttigroup.com.vn;ChiQuocHung.Le@ttigroup.com.vn,ChiQuocHung.Le@ttigroup.com.vn,"TVN634465, Le Chi Quoc Hung (VN.OP-SUC)"
,9394,VUONG DOANH COMPANY LIMITED,gavin@wangying.in; ananly01987@gmail.com; wangying20160314@163.com; yl.lui@wangying.in; ly2024.lam@gmail.com; diemthuybui7645@gmail.com; lehongvamuctieu@gmail.com;gendanvuongdoanh5@gmail.com,ThanhYen.Tran@ttigroup.com.vn;ThiNguyet.Do02@ttigroup.com.vn;AnhThu.Nguyen1@ttigroup.com.vn,ThanhYen.Tran@ttigroup.com.vn,"TVN172, Tran Thanh Yen - TTIVN"
,10253,WAYBA INTERNATIONAL LIMITED,yongyongvn01@gmail.com; yongyongvn03@gmail.com;,ThiNguyet.Do02@ttigroup.com.vn;AnhThu.Nguyen1@ttigroup.com.vn,AnhThu.Nguyen1@ttigroup.com.vn,"TVN621316, Nguyen Anh Thu (VN.OP-SUC)"
,11007,"VN EAGLE MECHANICAL AND ELECTRONIC CO.,LTD",eaglesh@yeah.net; eaglevn@yeah.net; nguyenhoankt1991@gmail.com;eagle2020vn@gmail.com,HoMinhAnh.Vu@ttigroup.com.vn;ThiNguyet.Do02@ttigroup.com.vn;AnhThu.Nguyen1@ttigroup.com.vn,HoMinhAnh.Vu@ttigroup.com.vn,"TVN551766, Vu Ho Minh Anh (VN.OP-PMC)"
,10861,"WEIDA (VIETNAM) MANUFACTURING CO.,LTD",ally@shbaicheng.com.cn; sales10@shbaicheng.com.cn;sales12@shbaicheng.com.cn; hsl@weidapeacock.com; amy@weidapeacock.com; ruanshihua@shbaicheng.com.cn; fgx@weidapeacock.com; luna@weidapeacock.com,ThiNguyet.Do02@ttigroup.com.vn;AnhThu.Nguyen1@ttigroup.com.vn;ChiQuocHung.Le@ttigroup.com.vn,ChiQuocHung.Le@ttigroup.com.vn,"TVN634465, Le Chi Quoc Hung (VN.OP-SUC)"
,,"VINA TAN PHU CO.,LTD",hao@hml.vn;nguyenhoang0619@gmail.com,ThiNguyet.Do02@ttigroup.com.vn;AnhThu.Nguyen1@ttigroup.com.vn;ThiThuyDuong.Bui@ttigroup.com.vn,ThiThuyDuong.Bui@ttigroup.com.vn,"TVN525403, Bui Thi Thuy Duong (VN.OP-SC)"
,12135,WEI HUI DA (VIET NAM) CHEMICAL COMPANY LIMITED,amos@whdsolder.com;whd@whdsolder.com;whdhg@126.com;whdhgvn@126.com,ThienAn.Phan@ttigroup.com.vn;ThiNguyet.Do02@ttigroup.com.vn;AnhThu.Nguyen1@ttigroup.com.vn,ThienAn.Phan@ttigroup.com.vn,"TVN524979, Phan Thien An (VN.OP-SC)"
,11338,YONG FENG HARDWARE (VIETNAM) COMPANY LIMITED,yfvn004 <yfvn004@yongfenghw.com>; yfvn001 <yfvn001@yongfenghw.com>; yfvn010 <yfvn010@yongfenghw.com>; yfvn011 <yfvn011@yongfenghw.com>; YFVN020@YONGFENGHW.COM,HoMinhAnh.Vu@ttigroup.com.vn;ThiNguyet.Do02@ttigroup.com.vn;AnhThu.Nguyen1@ttigroup.com.vn,HoMinhAnh.Vu@ttigroup.com.vn,"TVN551766, Vu Ho Minh Anh (VN.OP-PMC)"
,10056,ZHIAO VIET NAM COMPANY LIMITED,lhy2008zh@vip.126.com;donna@zhiaovn.com; paul@zhiaovn.com;jocasta@zhiaovn.com;13826499885@163.com;alissa@zhiaovn.com;575760701@qq.com,VanDuc.Nguyen1@ttigroup.com.vn;ThiNguyet.Do02@ttigroup.com.vn;AnhThu.Nguyen1@ttigroup.com.vn,VanDuc.Nguyen1@ttigroup.com.vn,"TVN622655, Nguyen Van Duc (VN.OP-SUC)"
,12617,ZHAOLONG INDUSTRY (VN) COMPANY LIMITED,15957302555@163.com;carlos.huang@zhaolongtech.com;kinhdoanh@zhaolongtech.com;luo.s.j@zhaolongtech.com;thiphung957@gmail.com,ThienAn.Phan@ttigroup.com.vn;ThiNguyet.Do02@ttigroup.com.vn;AnhThu.Nguyen1@ttigroup.com.vn,ThienAn.Phan@ttigroup.com.vn,"TVN524979, Phan Thien An (VN.OP-SC)"
,12504,WONDERWARD TECHNOLOGY (HONG KONG) LIMITED,pmc-vn@wonder-ace.com;pmc-vn@wonder-ace.comp;pmc01@wonder-ace.com;qua01@wonder-ace.com;sales-vn@wonder-ace.com,ThiNguyet.Do02@ttigroup.com.vn;AnhThu.Nguyen1@ttigroup.com.vn;ChiQuocHung.Le@ttigroup.com.vn,ChiQuocHung.Le@ttigroup.com.vn,"TVN634465, Le Chi Quoc Hung (VN.OP-SUC)"
,12259,YU XIN VIET NAM COMPANY LIMITED,sales@shanyuan.hk; han@chinayuxin.cn; kina@chinayuxin.cn;ming@shanyuan.hk;,ThiNguyet.Do02@ttigroup.com.vn;AnhThu.Nguyen1@ttigroup.com.vn;ChiQuocHung.Le@ttigroup.com.vn,ChiQuocHung.Le@ttigroup.com.vn,"TVN634465, Le Chi Quoc Hung (VN.OP-SUC)"
,9781,YAO-I VIETNAM COMPANY LIMITED,taoshuxian@yaoi.com.vn; yiv-sales@yaoi.com.vn;qingfang@yaoi.com.vn,ThiNguyet.Do02@ttigroup.com.vn;AnhThu.Nguyen1@ttigroup.com.vn;ChiQuocHung.Le@ttigroup.com.vn,ChiQuocHung.Le@ttigroup.com.vn,"TVN634465, Le Chi Quoc Hung (VN.OP-SUC)"
,12549,ZHENGBO UNIVERSAL COMPANY LIMITED,nam.tran@gwps-tech.com;lilly.yang@gwps-tech.com,Dang.Duong@ttigroup.com.vn;ThiNguyet.Do02@ttigroup.com.vn;AnhThu.Nguyen1@ttigroup.com.vn,Dang.Duong@ttigroup.com.vn,"TVN622650, Duong Nguyen Khanh Dang (VN.OP-SUC)"
,11714,"YACHUNBAGS CO., LIMITED",362452059@qq.com;jenny@yachunbags.com,ThiNguyet.Do02@ttigroup.com.vn;AnhThu.Nguyen1@ttigroup.com.vn,AnhThu.Nguyen1@ttigroup.com.vn,"TVN621316, Nguyen Anh Thu (VN.OP-SUC)"
,9821,MYS (DONG NAI) PACKAGING TECHNOLOGY COMPANY LIMITED,Ruanhlw@szmys.com;ruanshihui@szmys.com,HoangMinh.Phan@ttigroup.com.vn;ThiNguyet.Do02@ttigroup.com.vn;AnhThu.Nguyen1@ttigroup.com.vn,HoangMinh.Phan@ttigroup.com.vn,"TVN547430, Phan Hoang Minh (VN.OP-PMC)"
,11334,ZHONGHENG VIET NAM MANUFACTURING COMPANY LIMITED,hymanufacture@126.com; zhonghengvietnam@gmail.com;yalixu@zhtankgroup.com; yanbaishun@zhtankgroup.com,VanDuc.Nguyen1@ttigroup.com.vn;ThiNguyet.Do02@ttigroup.com.vn;AnhThu.Nguyen1@ttigroup.com.vn,VanDuc.Nguyen1@ttigroup.com.vn,"TVN622655, Nguyen Van Duc (VN.OP-SUC)"
,11895,ZYD VIETNAM TECHNOLOGY COMPANY LIMITED,zyd888@vip.163.com;zyd99868@gmail.com,ThiNguyet.Do02@ttigroup.com.vn;AnhThu.Nguyen1@ttigroup.com.vn,AnhThu.Nguyen1@ttigroup.com.vn,"TVN621316, Nguyen Anh Thu (VN.OP-SUC)"
,10346,"POWER BEST (VIETNAM) CO., LTD",purchasing_order_02@powerbest.com.vn;jim@well.com.tw;salespowerbest.pb@gmail.com;sales_203@powerbest.com.vn;sales_205@powerbest.com.vn;purchasing_order_02@powerbest.com.vn;jim@well.com.tw;salespowerbest.pb@gmail.com;sales_203@powerbest.com.vn;sales_205@powerbest.com.vn;purchasing_order_01@powerbest.com.vn,ThiNguyet.Do02@ttigroup.com.vn;AnhThu.Nguyen1@ttigroup.com.vn,AnhThu.Nguyen1@ttigroup.com.vn,"TVN621316, Nguyen Anh Thu (VN.OP-SUC)"
,12223,CLOUD ADVANTAGE LIMITED,sales3@cloud-ck.com; sales5@cloud-ck.com; sales6@cloud-ck.com; chenkai8@ms43.hinet.net; kaixin@cn-kaixin.com; sales4@cloud-ck.com; sales2@cloud-ck.com; henry.wei@chenkai.com.tw,ThiNguyet.Do02@ttigroup.com.vn;AnhThu.Nguyen1@ttigroup.com.vn,AnhThu.Nguyen1@ttigroup.com.vn,"TVN621316, Nguyen Anh Thu (VN.OP-SUC)"
,13315,ZHONGTONG INTERNATIONAL INVESTMENT COMPANY LIMITED,zyj@ycmpp.com;zq@ycmpp.com;zyyw@ycmpp.com;zhongyun-vn-02@ycmpp.com;zyjh@ycmpp.com; zhongyun-vn-02@ycmpp.com,NhatDoan.Nguyen@ttigroup.com.vn;ThiNguyet.Do02@ttigroup.com.vn;AnhThu.Nguyen1@ttigroup.com.vn,NhatDoan.Nguyen@ttigroup.com.vn,"TVN595846, Sol Nguyen Nhat Doan (VN.OP-PMC)"
,12860,"VIET NAM PUWOTE TECHNOLOGY CO.,LTD",moonjolie@puwote.com.vn;xnk01@puwote.com.vn;sp02@puwote.com.vn;xnk01@puwote.com.vn,Dang.Duong@ttigroup.com.vn;ThiNguyet.Do02@ttigroup.com.vn;AnhThu.Nguyen1@ttigroup.com.vn,Dang.Duong@ttigroup.com.vn,"TVN622650, Duong Nguyen Khanh Dang (VN.OP-SUC)"
,13329,JUNENG TECHNOLOGY (VIETNAM) COMPANY LIMITED,gsc@junengpm.cn; plf@junengpm.cn; jia@junengpm.cn; hui@junengpm.cn,ThiNguyet.Do02@ttigroup.com.vn;AnhThu.Nguyen1@ttigroup.com.vn,AnhThu.Nguyen1@ttigroup.com.vn,"TVN621316, Nguyen Anh Thu (VN.OP-SUC)"
,12038,"JINGGUANG PLASTIC PRODUCTS DONG NAI VIETNAM CO., LTD",jgdn4803@cnjgsj.com; quynhgiao.vu@cnjgsj-vdn.com,KhanhTuong.To@ttigroup.com.vn;ThiNguyet.Do02@ttigroup.com.vn;AnhThu.Nguyen1@ttigroup.com.vn,KhanhTuong.To@ttigroup.com.vn,"TVN505802, To Khanh Tuong"
,11076,CONG TY TNHH CO KHI TONG HOP KIM LONG,nguyennghia@kimlongmechanical.com; lengocba@kimlongmechanical.com; ketoan@kimlongmechanical.com;,,KhanhTuong.To@ttigroup.com.vn,"TVN505802, To Khanh Tuong"
,12671,CARVE VIET NAM TECHNOLOGY COMPANY LIMITED,lengocphong@carve.com.vn; amanda@carve.com.vn; zhangdonghua@carve.com.cn; vnpmc@carve.com.vn;vn00450@carve.com.vn,HoMinhAnh.Vu@ttigroup.com.vn;ThiNguyet.Do02@ttigroup.com.vn;MyDung.Bui@ttigroup.com.vn,HoMinhAnh.Vu@ttigroup.com.vn;MyDung.Bui@ttigroup.com.vn,"TVN551766, Vu Ho Minh Anh (VN.OP-PMC)"
,12528,MING SHING (HONG KONG) COMPANY LIMITED,d15016948266@163.com;pmc02@minhthaithang.com;zq_guo55@163.com;luoqi@mingking.com.cn ,NgocHuy.Mai@ttigroup.com.vn;ThiNguyet.Do02@ttigroup.com.vn;MyDung.Bui@ttigroup.com.vn;AnhThu.Nguyen1@ttigroup.com.vn,NgocHuy.Mai@ttigroup.com.vn;MyDung.Bui@ttigroup.com.vn,"TVN568025, Mai Ngoc Huy (VN.OP-PMC)"
,9830,YEUK TONE DEVELOPMENT LIMITED,acct02@yfplastic.com.vn;acct@YFPLASTIC.COM.VN;accthk@yfplastic.com.hk;atix.xian@yfplastic.com.vn;lily.li@yfplastic.com.hk;peggy.ho@yfplastic.com.hk;pmc03@yfplastic.com.vn;suhao@yfplastic.com.hk; pmc03@yfplastic.com.vn; anh.tran@yfplastic.com.vn; shipping01@yfplastic.com.vn,ThiNguyet.Do02@ttigroup.com.vn;AnhThu.Nguyen1@ttigroup.com.vn;ThiThuHien.Nguyen@ttigroup.com.vn,ThiThuHien.Nguyen@ttigroup.com.vn,"TVN482, Nguyen Thi Thu Hien"
,12125,CHAOJUN PRECISION VIETNAM COMPANY LIMITED,jkgch31@gearjk.com;jkywly@gearjk.com;lsp.ed@gearjk.com;vn.erdera@gearjk.com;vn.erderb@gearjk.com;vn.erdmra@gearjk.com;vn.erdpea@gearjk.com;vn.fdca@gearjk.com;vn.pmc.mail@gearjk.com;vn.pmc02@gearjk.com;vn.pmcda@gearjk.com;zisa@gearjk.com,NgocHuy.Mai@ttigroup.com.vn;ThiNguyet.Do02@ttigroup.com.vn;MyDung.Bui@ttigroup.com.vn;AnhThu.Nguyen1@ttigroup.com.vn,NgocHuy.Mai@ttigroup.com.vn;MyDung.Bui@ttigroup.com.vn,"TVN568025, Mai Ngoc Huy (VN.OP-PMC)"
,4508,MING HAO INDUSTRIAL LIMITED,accminghao@gmail.com;lsh@dgmingzeng.com;mhpmc001@dg-mingzhen.com;mhpmc006@dg-mingzhen.com;mkt@dgmingzeng.com;nancyjiang@dg-mingzhen.com;omz@dgmingzeng.com;pmc001@dg-mingzhen.com;sales001@dg-mingzhen.com;yncw01@gdrooman.com;yncw02@gdrooman.com;ynpz001@gdrooman.com; mhpmc@dg-mingzhen.com; mhpmc002@dg-mingzhen.com; mhpmc006@dg-mingzhen.com; mhpmc005@dg-mingzhen.com,ThiNguyet.Do02@ttigroup.com.vn;AnhThu.Nguyen1@ttigroup.com.vn;Anh.Trinh@ttigroup.com.vn,Anh.Trinh@ttigroup.com.vn,"TVN637647, Trinh Hoang Kim Anh (VN.OP-SC-PMC)"
,9990,FUKAI TECHNOLOGY (SINGAPORE) PTE.LTD.,jane@mycmould.com,HoMinhAnh.Vu@ttigroup.com.vn;ThiNguyet.Do02@ttigroup.com.vn;MyDung.Bui@ttigroup.com.vn;AnhThu.Nguyen1@ttigroup.com.vn,HoMinhAnh.Vu@ttigroup.com.vn;MyDung.Bui@ttigroup.com.vn,"TVN551766, Vu Ho Minh Anh (VN.OP-PMC)"
,9800,"REDSUN INDUSTRIAL CO., LIMITED",PMC-04@redsun-vn.com; allen.xiao@redsunplastic.com; pmc-03@redsun-vn.com; yz.yan@redsunplastic.com,ThiThuHien.Nguyen@ttigroup.com.vn;ThiNguyet.Do02@ttigroup.com.vn;MyDung.Bui@ttigroup.com.vn;AnhThu.Nguyen1@ttigroup.com.vn,ThiThuHien.Nguyen@ttigroup.com.vn;MyDung.Bui@ttigroup.com.vn,"TVN482, Nguyen Thi Thu Hien"
,9330,KIM DIEP MTV PRODUCTION TRADE PLASTICS COMPANY LIMITED,kimdiep@kimdiepvn.com;pmc001@kimdiepvn.com;pmc002@kimdiepvn.com;tranngocthuy@kimdiepvn.com; kimdiephoadon@gmail.com; huynhmaiduong0410@gmail.com,ThiHongDat.Le@ttigroup.com.vn;ThiNguyet.Do02@ttigroup.com.vn;MyDung.Bui@ttigroup.com.vn;AnhThu.Nguyen1@ttigroup.com.vn,ThiHongDat.Le@ttigroup.com.vn;MyDung.Bui@ttigroup.com.vn,"TVN592868, Le Thi Hong Dat (VN.OP-PMC)"
,12350,GOOD MARK INDUSTRIAL VIETNAM COMPANY LIMITED,ad_vn@goodmark.com.cn;annie.l@goodmark.com.cn;britathibe.nguyen@goodmark.com.cn;cd_vn@goodmark.com.cn;chuang.yang@goodmark.com.cn;jinjing.xia@goodmark.com.cn;marco.c@goodmark.com.cn;pmc03_vn@goodmark.com.cn;sales03_vn@goodmark.com.cn;thuytien.pham@goodmark.com.cn;xianghai.kong@goodmark.com.cn;pmc05_vn@goodmark.com.cn,ThiThuHien.Nguyen@ttigroup.com.vn;ThiNguyet.Do02@ttigroup.com.vn;MyDung.Bui@ttigroup.com.vn;AnhThu.Nguyen1@ttigroup.com.vn,ThiThuHien.Nguyen@ttigroup.com.vn;MyDung.Bui@ttigroup.com.vn,"TVN482, Nguyen Thi Thu Hien"
,10179,HK DESHENG INT'L LIMITED,ds-qc@deshengst.com;nguyenngothanhtuyen39@gmail.com;wilson-oy@deshengst.com;yewu06@deshengst.com;yewu1@deshengst.com; yewu06@deshengst.com; nguyenngothanhtuyen39@gmail.com; yewu08@deshengst.com; khanhkhanh1611tt@gmail.com,ThiHongDat.Le@ttigroup.com.vn;ThiNguyet.Do02@ttigroup.com.vn;MyDung.Bui@ttigroup.com.vn;AnhThu.Nguyen1@ttigroup.com.vn,ThiHongDat.Le@ttigroup.com.vn;MyDung.Bui@ttigroup.com.vn,"TVN592868, Le Thi Hong Dat (VN.OP-PMC)"
,9286,"YU LONG PLASTICS VIET NAM CO., LTD",mark.hu@yulongplastics.com;pmc.y5@yulongplastics.com,MyDung.Bui@ttigroup.com.vn;ThiNguyet.Do02@ttigroup.com.vn;MyDung.Bui@ttigroup.com.vn;AnhThu.Nguyen1@ttigroup.com.vn,MyDung.Bui@ttigroup.com.vn;MyDung.Bui@ttigroup.com.vn,"TVN532993, Bui My Dung (VN.FC-SC)"
,9297,"TOAN THAI HUNG TRADING PRODUCTION CO., LTD",diemxk@toanthaihung.com;kimtoisx.tth@gmail.com;linhsx.tth@gmail.com;thuytrangkh.tth@gmail.com;tthexport.01@toanthaihung.com;tthpmc.01@toanthaihung.com;tthpmc.02@toanthaihung.com,Dang.Duong@ttigroup.com.vn;ThiNguyet.Do02@ttigroup.com.vn;MyDung.Bui@ttigroup.com.vn;AnhThu.Nguyen1@ttigroup.com.vn,Dang.Duong@ttigroup.com.vn;MyDung.Bui@ttigroup.com.vn,"TVN622650, Duong Nguyen Khanh Dang (VN.OP-SUC)"
,12286,JUNXIN VIET NAM COMPANY LIMITED,jxpmc01@yysansheng.com;jxyw01@yysansheng.com;zhiping.zhou@yysansheng.com,MyDung.Bui@ttigroup.com.vn;ThiNguyet.Do02@ttigroup.com.vn;AnhThu.Nguyen1@ttigroup.com.vn,MyDung.Bui@ttigroup.com.vn,"TVN532993, Bui My Dung (VN.FC-SC)"
,12724,"OFFICE GLOBAL CORPORATION CO., LTD","PMC-vn <PMC-vn@yudamould.com>;""pmc"" <pmc@yudamould.com>",ThiNguyet.Do02@ttigroup.com.vn;ThiThuHien.Nguyen@ttigroup.com.vn;MyDung.Bui@ttigroup.com.vn;AnhThu.Nguyen1@ttigroup.com.vn,ThiThuHien.Nguyen@ttigroup.com.vn;MyDung.Bui@ttigroup.com.vn,"TVN482, Nguyen Thi Thu Hien"
,13354,PLATEL VINA COMPANY LIMITED,phuocskorean <phuocskorean@gmail.com>; nhuquynh.pq207@gmail.com,HoMinhAnh.Vu@ttigroup.com.vn;ThiNguyet.Do02@ttigroup.com.vn;MyDung.Bui@ttigroup.com.vn;AnhThu.Nguyen1@ttigroup.com.vn,HoMinhAnh.Vu@ttigroup.com.vn;MyDung.Bui@ttigroup.com.vn,"TVN551766, Vu Ho Minh Anh (VN.OP-PMC)"
,12727,JINHE ELECTRICAL AND PLASTIC MANUFACTURING COMPANY LIMITED,Lishanhong@jinhe-team.com;Wendy@jinhe-team.com;gina@jinhe-team.com,NgocHuy.Mai@ttigroup.com.vn;ThiNguyet.Do02@ttigroup.com.vn;AnhThu.Nguyen1@ttigroup.com.vn,NgocHuy.Mai@ttigroup.com.vn,"TVN568025, Mai Ngoc Huy (VN.OP-PMC)"
,10433,GOOD VIEW ASIA MANUFACTURING COMPANY LIMITED,Chi.Mai@goodviewplastics.com;David.phan@goodviewplastics.com;Huyen.nguyen@goodviewplastics.com;John.nguyen@goodviewplastics.com;Linda.Nguyen@goodviewplastics.com;Tuyen.Dam@goodviewplastics.com;ana.liu@goodviewplastics.com;avan.jiang@goodview.com.cn;chi.mai@goodviewplastics.com;david.le@goodviewplastics.com;fiona.ruan@goodviewplastics.com;hang.luong@goodviewplastics.com;henry.bui@goodviewplastics.com;jack.bui@goodviewplastics.com;mxhang@goodview.com.cn;phuong.cao@goodviewplastics.com;quy.vo@goodviewplastics.com;racy.xu@goodview.com.cn;sang.nguyen@goodviewplastics.com;sophia.bui@goodviewplastics.com;tony.mai@goodviewplastics.com;tuyen.dam@goodviewplastics.com;zhaohuiniu@goodview.com.cn;weixiaomin@goodview.com.cn;ana.liu@goodviewplastics.com;pada.wu@goodview.com.cn,ThiNguyet.Do02@ttigroup.com.vn;AnhThu.Nguyen1@ttigroup.com.vn;Anh.Trinh@ttigroup.com.vn,Anh.Trinh@ttigroup.com.vn,"TVN637647, Trinh Hoang Kim Anh (VN.OP-SC-PMC)"
,12815,CINDERSON VIETNAM TECHNOLOGY COMPANY LIMITED,Alex.cao@cds.cn; sarah.yang@cds.cn; x.xie@cds.cn; julia.van@cds.cn; anne.chang@cds.cn; kathy@cds.cn; jw.mao@cds.cn; tt.he@cds.cn; chenfx.wei@cds.cn,ThiNguyet.Do02@ttigroup.com.vn;AnhThu.Nguyen1@ttigroup.com.vn;HoangMinh.Phan@ttigroup.com.vn;HoangAnh.Truong@ttigroup.com.vn,HoangMinh.Phan@ttigroup.com.vn;HoangAnh.Truong@ttigroup.com.vn,"TVN547430, Phan Hoang Minh (VN.OP-PMC)"
,14089,DONG THANH VIET HAO COMPANY LIMITED,penglan272759@foxmail.com; ling18--@163.com; vothikimtuyen199323@gmail.com; liusuhong201017@foxmail.com,ThiNguyet.Do02@ttigroup.com.vn;AnhThu.Nguyen1@ttigroup.com.vn;ThuHien.Nguyen@ttigroup.com.vn,ThuHien.Nguyen@ttigroup.com.vn,"TVN637980, Nguyen Thu Hien (VN.OP-SC-PMC)"
,13553,CONG TY TNHH MAGNET JC (VIET NAM),frank@idealmagnetsolutions.com;zhangzeqing@bjmt.com.cn;liyunhua@bjmt.com.cn;itrustcorp.vn@gmail.com; xiongyanqiu@bjmt.com.cn; ruanshie@bjmt.com.cn;wangyunfei@bjmt.com.cn,ThiNguyet.Do02@ttigroup.com.vn;AnhThu.Nguyen1@ttigroup.com.vn;ChiQuocHung.Le@ttigroup.com.vn,ChiQuocHung.Le@ttigroup.com.vn,"TVN634465, Le Chi Quoc Hung (VN.OP-SUC)"
,12570,CONG TY TNHH CO KHI DUY KHANH,duykhanhsale3@duykhanh.com; cuongdk@duykhanh.com; lucht@duykhanh.com,ThiNguyet.Do02@ttigroup.com.vn;AnhThu.Nguyen1@ttigroup.com.vn;ThuHien.Nguyen@ttigroup.com.vn,ThuHien.Nguyen@ttigroup.com.vn,"TVN637980, Nguyen Thu Hien (VN.OP-SC-PMC)"
,14002,TOYOTAKI INDUSTRIALS JOINT STOCK COMPANY,hien.nt@toyotaki.vn; dungle@toyotaki.vn; ngaphung@toyotaki.vn; hien.bui@toyotaki.vn,NhatDoan.Nguyen@ttigroup.com.vn;ThiNguyet.Do02@ttigroup.com.vn;AnhThu.Nguyen1@ttigroup.com.vn,NhatDoan.Nguyen@ttigroup.com.vn,"TVN595846, Sol Nguyen Nhat Doan (VN.OP-PMC)"
,12746,KHP VIET NAM COMPANY LIMITED,saleskhp888@khpvietnam.com; khpvietnam01@khpvietnam.com; khpvietnam02@khpvietnam.com; congtykimhungphat888@khpvietnam.com,ThanhYen.Tran@ttigroup.com.vn;ThiNguyet.Do02@ttigroup.com.vn;AnhThu.Nguyen1@ttigroup.com.vn,ThanhYen.Tran@ttigroup.com.vn,"TVN172, Tran Thanh Yen - TTIVN"
,13918,KAIYANG VIETNAM NEW MATERIALS COMPANY LIMITED,Jacky.yang@kaiyangfm.com ; sale01@kaiyangviet.com; Kypmc@Kaiyangviet.com,ThienAn.Phan@ttigroup.com.vn;ThiNguyet.Do02@ttigroup.com.vn;AnhThu.Nguyen1@ttigroup.com.vn,ThienAn.Phan@ttigroup.com.vn,"TVN524979, Phan Thien An (VN.OP-SC)"
,14115,MAXRON (VIETNAM) TECHNOLOGY COMPANY LIMITED,pengjw@vn-maxron.com; ruanscx@vn-maxron.com; pengjw@vn-maxron.com; nixon@vn-maxron.com; chenwd@vn-maxron.com; lorry  lorry@vn-maxron.com,ThanhYen.Tran@ttigroup.com.vn;ThiNguyet.Do02@ttigroup.com.vn;AnhThu.Nguyen1@ttigroup.com.vn,ThanhYen.Tran@ttigroup.com.vn,"TVN172, Tran Thanh Yen - TTIVN"
,13327,SHIJIN INTELLIGENT VIETNAM LIMITED COMPANY,shijin6@shijinvn.com; shijin1@shijinvn.com; shijin.vn2023@gmail.com,ThienAn.Phan@ttigroup.com.vn;ThiNguyet.Do02@ttigroup.com.vn;AnhThu.Nguyen1@ttigroup.com.vn,ThienAn.Phan@ttigroup.com.vn,"TVN524979, Phan Thien An (VN.OP-SC)"
,13891,YIYADA VIET NAM J.S.C,lora@llqexport.com; cathy@llqexport.com; steven@llqexport.com; lean@llqexport.com; linda@llqexport.com,ThiNguyet.Do02@ttigroup.com.vn;AnhThu.Nguyen1@ttigroup.com.vn;ThuHien.Nguyen@ttigroup.com.vn,ThuHien.Nguyen@ttigroup.com.vn,"TVN637980, Nguyen Thu Hien (VN.OP-SC-PMC)"
,14212,HONG KONG YINDA LIMITED,jasontong@cn-yinda.com;hana.yinda@gmail.com;shipingfang@cn-yinda.com;serena.li@cn-yinda.com,ThiNguyet.Do02@ttigroup.com.vn;AnhThu.Nguyen1@ttigroup.com.vn,AnhThu.Nguyen1@ttigroup.com.vn,"TVN621316, Nguyen Anh Thu (VN.OP-SUC)"
,14030,YONGFENG INDUSTRIAL (VIET NAM) COMPANY LIMITED,yfvn004 <yfvn004@yongfenghw.com>; yfvn001 <yfvn001@yongfenghw.com>; yfvn010 <yfvn010@yongfenghw.com>; yfvn011 <yfvn011@yongfenghw.com>; YFVN020@YONGFENGHW.COM,HoMinhAnh.Vu@ttigroup.com.vn;ThiNguyet.Do02@ttigroup.com.vn;AnhThu.Nguyen1@ttigroup.com.vn,HoMinhAnh.Vu@ttigroup.com.vn,"TVN551766, Vu Ho Minh Anh (VN.OP-PMC)"
